HRV_MeanNN,HRV_SDNN,HRV_RMSSD,HRV_SDSD,HRV_CVNN,HRV_CVSD,HRV_MedianNN,HRV_MadNN,HRV_pNN50,HRV_pNN20,HRV_MinNN,HRV_MaxNN,HRV_HTI,HRV_TINN,HRV_HF,stress_index
707.8993055555555,89.77404626066053,116.17905438927474,118.47737636120702,0.12681753683909372,0.16411805108086389,695.3125,40.539843749999996,37.03703703703704,62.96296296296296,625.0,1125.0,6.75,93.75,0.10936392492188458,0.0


LF HF